<?xml version="1.0" encoding="utf-8"?>
<OfficeApp xmlns="http://schemas.microsoft.com/office/appforoffice/1.0" 
    xmlns:xsi="http://www.w3.org/2001/XMLSchema-instance" 
    xsi:type="TaskPaneApp">
  <Id>95f6d464-3c9d-4f02-8f97-2c4d0b6ef1fc</Id>
  <Version>1.0</Version>
  <ProviderName>BLAZE</ProviderName>
  <DefaultLocale>EN-US</DefaultLocale>
  <!--<DisplayName DefaultValue="Code Formatting App"/>-->
  
  <DisplayName DefaultValue="Code Formatting App">
    <Override Locale="es-es" Value="Aplicación de uso internacional"/>
  </DisplayName>
  <Description DefaultValue="An app for formatting and highlighting code.">
    <Override Locale="es-es" Value="Una aplicación para la prueba de la localización"/>
  </Description>
  
<!--  <Description DefaultValue="An app for formatting and highlighting code."/>-->
  <IconUrl DefaultValue=
    "C:\Users\MyLaptop\Documents\GitHub\microsoft-project\images\Logo1.jpg"/>

  <Capabilities>
    <Capability Name="Document"/>
  </Capabilities>

  <DefaultSettings>
    <SourceLocation DefaultValue="\\DARRAGH-DESKTOP\microsoft-project\landing.html"/>
  </DefaultSettings>
  <Permissions>ReadWriteDocument</Permissions>
</OfficeApp>